city,bedrooms,bathrooms,area_sqft,furnishing,has_parking,has_gym,has_pool,has_wifi,has_security,rent_amount
Kolkata,1,2,1244,Unfurnished,0,0,0,1,0,28378
Chennai,1,3,3671,Semi-Furnished,1,1,0,1,1,74439
Hyderabad,1,2,3976,Unfurnished,1,1,0,1,1,63279
Kolkata,5,2,486,Semi-Furnished,1,1,0,0,1,47978
Bangalore,4,3,2490,Fully-Furnished,0,0,0,1,1,96634
Ahmedabad,5,4,3856,Semi-Furnished,1,1,1,1,0,81718
Hyderabad,4,1,3906,Fully-Furnished,1,1,1,1,0,97571
Hyderabad,5,4,807,Unfurnished,0,1,0,1,0,45653
Kolkata,5,3,3954,Fully-Furnished,0,0,1,1,0,97727
Delhi,3,1,3111,Unfurnished,1,1,1,0,0,67930
Bangalore,5,3,3488,Unfurnished,1,0,1,0,0,75444
Kolkata,2,3,2068,Semi-Furnished,1,1,1,0,1,54393
Bangalore,3,2,547,Semi-Furnished,0,0,1,0,0,53423
Bangalore,5,1,2724,Semi-Furnished,0,1,1,1,1,84391
Ahmedabad,1,2,631,Semi-Furnished,0,1,0,0,1,31797
Hyderabad,2,1,2350,Fully-Furnished,0,0,1,1,1,70291
Chennai,2,3,765,Fully-Furnished,1,0,1,0,0,54380
Ahmedabad,2,3,3699,Fully-Furnished,0,0,1,0,1,81581
Ahmedabad,3,4,2074,Unfurnished,0,1,1,0,0,45692
Bangalore,5,1,835,Fully-Furnished,0,1,0,1,1,78826
Pune,5,2,798,Fully-Furnished,1,1,0,1,1,66439
Hyderabad,1,4,1634,Fully-Furnished,1,1,0,0,0,63098
Delhi,1,4,1814,Semi-Furnished,0,0,0,1,1,64868
Ahmedabad,2,4,2946,Fully-Furnished,0,1,1,0,1,74968
Chennai,1,2,2987,Unfurnished,1,1,0,0,1,55618
Pune,3,4,962,Semi-Furnished,1,1,0,0,1,49333
Pune,5,2,3962,Unfurnished,1,1,0,1,0,71482
Delhi,2,4,2889,Fully-Furnished,1,1,0,0,1,101569
Ahmedabad,1,2,1684,Semi-Furnished,1,1,1,0,1,45911
Chennai,3,3,1172,Unfurnished,1,1,0,0,0,46773
Hyderabad,3,3,2797,Fully-Furnished,1,0,1,1,1,87716
Mumbai,1,3,2437,Unfurnished,1,1,0,0,1,66257
Chennai,5,3,3823,Unfurnished,0,1,1,1,1,77371
Delhi,1,3,2967,Unfurnished,0,1,1,0,1,65821
Pune,2,4,1743,Fully-Furnished,0,1,0,1,0,66005
Hyderabad,1,4,2585,Fully-Furnished,0,0,0,0,1,69033
Chennai,3,4,1973,Unfurnished,0,0,0,0,0,49384
Mumbai,1,2,1391,Semi-Furnished,0,0,0,1,1,68483
Mumbai,5,2,2815,Semi-Furnished,1,0,1,1,1,100271
Bangalore,4,2,3691,Fully-Furnished,1,0,1,0,1,110048
Bangalore,1,2,3808,Fully-Furnished,0,0,0,1,0,92355
Kolkata,5,3,1646,Fully-Furnished,0,1,0,0,1,70451
Delhi,5,3,759,Fully-Furnished,1,0,1,0,1,87663
Ahmedabad,3,3,1320,Fully-Furnished,1,0,0,0,0,55395
Chennai,5,1,2776,Semi-Furnished,1,1,1,1,0,75886
Chennai,5,4,3409,Fully-Furnished,0,0,0,0,0,97628
Ahmedabad,5,2,2910,Unfurnished,1,1,1,1,0,59987
Kolkata,5,2,3393,Unfurnished,0,1,1,0,1,63020
Pune,2,3,1362,Semi-Furnished,0,0,1,1,1,51389
Pune,2,2,2227,Unfurnished,1,1,1,1,1,52380
Kolkata,3,2,3853,Semi-Furnished,1,0,1,0,1,71035
Pune,1,4,3283,Semi-Furnished,0,0,0,1,0,62418
Bangalore,5,3,2013,Unfurnished,1,1,1,0,1,66868
Chennai,1,4,2040,Fully-Furnished,1,1,0,0,1,72870
Kolkata,1,1,2616,Unfurnished,0,0,1,0,1,40868
Chennai,3,1,616,Unfurnished,1,1,1,0,1,41339
Ahmedabad,5,1,777,Semi-Furnished,0,1,0,0,0,41880
Mumbai,5,3,518,Unfurnished,0,0,0,1,1,63374
Bangalore,4,2,589,Semi-Furnished,1,0,0,0,1,58303
Hyderabad,1,3,3214,Fully-Furnished,0,1,0,1,1,80679
Bangalore,1,3,769,Fully-Furnished,0,0,1,1,0,61050
Kolkata,2,2,2201,Fully-Furnished,1,0,0,0,0,59174
Hyderabad,4,4,2596,Unfurnished,1,0,1,1,1,61269
Mumbai,2,1,1051,Semi-Furnished,1,0,0,0,1,65711
Kolkata,2,4,2282,Fully-Furnished,0,0,0,1,1,65543
Delhi,2,1,1911,Semi-Furnished,0,0,1,1,0,65336
Chennai,3,3,1169,Semi-Furnished,1,0,1,1,1,58501
Mumbai,3,1,2821,Fully-Furnished,0,1,0,0,1,107665
Chennai,2,3,1180,Fully-Furnished,1,0,1,1,1,64706
Pune,4,4,2116,Semi-Furnished,1,1,1,0,0,65750
Delhi,1,3,2607,Fully-Furnished,0,1,1,1,1,90841
Delhi,4,4,2798,Semi-Furnished,1,1,1,1,1,92743
Mumbai,5,2,1711,Semi-Furnished,0,0,1,1,0,85310
Delhi,3,2,3759,Fully-Furnished,0,0,1,1,0,108086
Hyderabad,1,2,3339,Unfurnished,1,1,1,0,1,56397
Delhi,1,3,1649,Fully-Furnished,0,0,1,0,0,76393
Chennai,5,2,922,Unfurnished,1,1,0,1,1,52884
Chennai,5,1,921,Semi-Furnished,0,0,1,1,0,53214
Kolkata,2,4,1182,Semi-Furnished,0,0,0,0,0,40349
Chennai,3,4,2720,Unfurnished,0,1,1,0,1,59529
Kolkata,3,1,1335,Semi-Furnished,1,1,1,0,1,46223
Chennai,4,3,3873,Unfurnished,0,1,1,0,1,73128
Hyderabad,2,3,2630,Unfurnished,1,0,1,1,0,54822
Ahmedabad,2,4,2088,Semi-Furnished,0,1,0,1,1,54684
Kolkata,2,2,887,Unfurnished,0,0,0,0,1,28291
Bangalore,2,3,2250,Fully-Furnished,1,0,1,0,1,87624
Pune,3,3,1245,Fully-Furnished,1,0,0,0,1,61442
Mumbai,3,1,2571,Semi-Furnished,1,1,1,0,1,86651
Chennai,2,1,3432,Semi-Furnished,1,1,1,0,0,69733
Delhi,4,2,3237,Unfurnished,1,1,0,0,1,73261
Ahmedabad,1,3,2861,Unfurnished,0,0,0,1,1,46414
Chennai,1,3,2403,Unfurnished,0,0,1,1,0,49053
Delhi,4,1,2148,Unfurnished,1,1,1,1,1,67430
Pune,2,3,3643,Fully-Furnished,0,0,0,0,1,82718
Pune,3,4,3759,Fully-Furnished,0,0,1,0,1,92844
Pune,1,1,3906,Semi-Furnished,0,1,0,0,1,63125
Delhi,5,2,1085,Unfurnished,1,1,1,1,1,65031
Chennai,5,1,2560,Unfurnished,0,1,1,0,0,60341
Pune,4,3,3335,Semi-Furnished,0,0,0,0,0,67885
Hyderabad,2,2,2569,Unfurnished,0,0,0,1,0,45748
Kolkata,1,1,1967,Unfurnished,1,0,0,0,1,36527
Delhi,2,4,1645,Unfurnished,0,0,1,1,0,58437
Delhi,1,4,438,Unfurnished,0,0,1,1,1,45810
Chennai,4,1,2944,Unfurnished,1,1,1,0,1,62450
Delhi,4,4,1179,Semi-Furnished,1,0,1,1,1,74903
Delhi,5,4,1656,Unfurnished,0,0,0,0,0,61344
Pune,2,4,3390,Semi-Furnished,0,0,1,1,0,67050
Chennai,5,2,2596,Unfurnished,1,1,1,0,0,63708
Pune,2,4,3868,Fully-Furnished,1,1,1,1,1,97418
Kolkata,5,4,3469,Fully-Furnished,1,1,0,0,0,95451
Ahmedabad,3,4,3108,Fully-Furnished,1,0,1,1,1,85262
Kolkata,3,2,2327,Fully-Furnished,1,1,1,1,0,72624
Ahmedabad,3,1,701,Semi-Furnished,1,1,0,1,0,37353
Pune,3,3,3831,Semi-Furnished,1,1,1,0,1,78387
Kolkata,1,4,2685,Unfurnished,0,0,1,0,1,44984
Chennai,3,1,1046,Fully-Furnished,1,1,0,1,0,59821
Mumbai,4,4,1062,Semi-Furnished,1,0,1,0,0,78499
Pune,4,2,2683,Unfurnished,0,0,1,1,0,56898
Ahmedabad,1,1,2159,Unfurnished,1,1,1,0,1,42622
Hyderabad,3,2,2650,Semi-Furnished,1,0,0,1,1,65553
Ahmedabad,3,4,655,Fully-Furnished,0,1,1,0,0,49596
Hyderabad,3,4,997,Unfurnished,1,0,1,1,0,43398
Delhi,5,2,1061,Fully-Furnished,0,1,0,1,1,88983
Kolkata,2,3,634,Fully-Furnished,0,1,0,1,0,45673
Hyderabad,5,2,1768,Fully-Furnished,0,1,1,1,1,80689
Ahmedabad,2,4,2981,Unfurnished,0,0,1,0,1,51973
Delhi,3,2,3307,Fully-Furnished,1,1,1,1,1,110497
Mumbai,3,3,3937,Unfurnished,0,0,1,0,1,85333
Chennai,5,2,1169,Fully-Furnished,0,1,0,0,1,70252
Chennai,5,3,2988,Unfurnished,1,0,1,1,1,70394
Chennai,2,3,612,Fully-Furnished,0,0,0,0,0,51497
Hyderabad,4,2,862,Semi-Furnished,0,1,0,0,1,48619
Mumbai,2,2,2883,Fully-Furnished,0,1,1,0,1,107157
Hyderabad,5,1,682,Fully-Furnished,0,1,1,1,0,62190
Kolkata,5,4,1886,Unfurnished,1,1,0,0,1,55919
Hyderabad,1,3,1830,Unfurnished,0,1,0,0,0,38273
Mumbai,5,1,487,Fully-Furnished,1,0,1,1,1,91413
Mumbai,1,2,1467,Semi-Furnished,1,1,0,1,0,67949
Kolkata,4,4,860,Semi-Furnished,0,1,1,0,0,49104
Mumbai,2,1,2725,Unfurnished,0,0,1,1,1,69003
Ahmedabad,2,3,2868,Semi-Furnished,0,1,0,0,1,56274
Mumbai,1,1,2124,Fully-Furnished,0,1,0,0,1,88715
Chennai,2,3,1776,Unfurnished,1,0,1,0,1,50367
Ahmedabad,5,2,3143,Fully-Furnished,1,1,0,1,0,86062
Ahmedabad,3,4,914,Unfurnished,1,1,1,0,0,37888
Kolkata,1,4,1102,Unfurnished,0,1,1,1,0,36851
Bangalore,2,4,2053,Unfurnished,1,0,1,1,1,61426
Bangalore,1,2,2466,Unfurnished,0,1,0,0,0,54375
Mumbai,1,3,422,Semi-Furnished,0,0,1,1,1,59637
Ahmedabad,3,2,2860,Fully-Furnished,0,1,1,1,1,77403
Bangalore,5,4,1453,Fully-Furnished,0,0,1,1,0,89367
Bangalore,1,2,2230,Fully-Furnished,0,1,1,1,1,79887
Mumbai,2,2,2555,Unfurnished,1,0,1,1,0,71173
Bangalore,4,2,3838,Semi-Furnished,1,0,1,0,1,91219
Hyderabad,1,3,1704,Fully-Furnished,0,0,1,1,0,60717
Delhi,1,1,3599,Semi-Furnished,1,0,1,0,1,78788
Kolkata,3,1,3700,Unfurnished,0,0,1,0,0,53891
Delhi,5,2,1534,Fully-Furnished,0,0,1,0,0,89029
Mumbai,4,1,2583,Semi-Furnished,0,1,1,0,1,90933
Chennai,2,1,761,Unfurnished,1,1,0,0,1,36756
Kolkata,4,2,3657,Semi-Furnished,0,0,1,0,0,68686
Mumbai,2,2,2576,Fully-Furnished,0,0,1,1,1,102330
Ahmedabad,5,4,2299,Fully-Furnished,1,0,1,1,1,83846
Chennai,2,1,1684,Unfurnished,1,0,0,1,1,43981
Delhi,3,3,914,Unfurnished,1,1,1,0,0,56473
Mumbai,3,2,848,Unfurnished,0,0,0,1,0,54846
Ahmedabad,3,4,2323,Semi-Furnished,0,1,1,1,1,63084
Kolkata,3,3,3575,Semi-Furnished,1,1,1,1,1,73333
Kolkata,4,1,1906,Semi-Furnished,0,0,0,0,0,49523
Pune,5,4,1647,Unfurnished,1,0,1,1,1,58803
Ahmedabad,2,2,2255,Fully-Furnished,1,1,0,0,0,59734
Hyderabad,2,3,1273,Fully-Furnished,0,1,0,1,1,62899
Bangalore,3,2,3962,Semi-Furnished,0,0,1,0,1,86246
Chennai,3,1,2920,Semi-Furnished,1,0,1,0,1,70014
Ahmedabad,1,3,3481,Fully-Furnished,1,0,1,0,0,74229
Pune,5,1,1828,Fully-Furnished,1,1,1,1,0,76392
Bangalore,4,1,2749,Semi-Furnished,1,1,0,1,0,77343
Bangalore,2,4,2678,Semi-Furnished,0,0,0,0,0,69323
Mumbai,1,2,2154,Fully-Furnished,1,1,1,1,1,95720
Bangalore,1,3,1322,Unfurnished,1,1,0,0,1,47651
Hyderabad,2,1,3537,Semi-Furnished,1,0,0,0,0,62573
Kolkata,4,1,3384,Fully-Furnished,0,0,1,1,1,84549
Pune,1,3,2559,Fully-Furnished,0,1,0,1,1,71640
Bangalore,1,1,1436,Fully-Furnished,1,1,0,1,0,66047
Mumbai,5,4,1816,Fully-Furnished,0,0,1,0,1,108313
Hyderabad,4,4,2947,Unfurnished,0,0,0,0,1,60149
Delhi,1,4,3379,Fully-Furnished,0,0,1,1,0,98836
Kolkata,4,4,3045,Semi-Furnished,1,0,0,0,1,67622
Kolkata,2,1,2681,Unfurnished,1,0,1,1,1,47615
Pune,3,3,3049,Fully-Furnished,0,1,0,0,1,85032
Kolkata,1,3,713,Unfurnished,1,1,0,1,0,32489
Bangalore,5,3,3013,Semi-Furnished,1,1,1,1,0,89741
Mumbai,2,3,3483,Fully-Furnished,0,1,1,0,1,116669
Kolkata,4,2,2656,Semi-Furnished,0,0,1,1,1,64046
Kolkata,2,3,2397,Fully-Furnished,1,0,1,1,1,71222
Delhi,1,2,1437,Fully-Furnished,0,0,0,0,0,68974
Delhi,4,2,2056,Fully-Furnished,1,1,0,1,0,95686
Chennai,3,4,3889,Fully-Furnished,1,1,0,0,0,99232
Hyderabad,2,2,3908,Fully-Furnished,0,1,1,1,1,90552
Bangalore,1,1,3848,Unfurnished,1,0,0,0,1,64106
Kolkata,5,2,3491,Fully-Furnished,1,1,0,1,1,96455
Ahmedabad,4,4,3034,Fully-Furnished,0,0,1,1,1,86185
Kolkata,2,2,2178,Unfurnished,0,0,1,1,1,45753
Mumbai,2,1,1414,Unfurnished,0,0,0,1,0,57778
Chennai,3,1,1493,Unfurnished,1,0,1,0,1,45098
Hyderabad,3,1,3682,Unfurnished,0,0,0,0,1,58723
Ahmedabad,5,4,1524,Unfurnished,0,0,0,0,1,46889
Chennai,5,4,1097,Unfurnished,0,1,1,0,0,53695
Pune,1,3,2579,Fully-Furnished,0,0,0,0,1,68640
Hyderabad,1,4,1804,Fully-Furnished,1,0,1,0,0,63894
Kolkata,5,1,1555,Semi-Furnished,1,1,1,0,0,54102
Kolkata,5,1,1443,Fully-Furnished,0,0,0,1,0,63260
Hyderabad,4,4,2329,Fully-Furnished,1,1,0,1,0,83376
Kolkata,3,2,2983,Unfurnished,0,1,0,1,0,52986
Bangalore,1,4,1413,Unfurnished,0,1,1,1,1,54944
Hyderabad,3,4,626,Fully-Furnished,1,0,0,0,1,57543
Chennai,3,1,3625,Semi-Furnished,1,0,1,0,0,73522
Hyderabad,5,3,2228,Unfurnished,0,1,1,0,0,57044
Ahmedabad,4,1,1892,Fully-Furnished,0,0,0,1,0,61205
Kolkata,2,3,1221,Fully-Furnished,1,0,1,0,1,53643
Bangalore,4,1,2423,Semi-Furnished,0,1,0,1,1,76509
Bangalore,4,4,1270,Semi-Furnished,1,1,0,0,0,69536
Pune,3,1,2852,Unfurnished,0,0,0,0,1,52079
Chennai,4,1,2649,Semi-Furnished,0,1,0,0,1,65929
Delhi,1,1,2485,Fully-Furnished,1,1,0,0,0,84068
Delhi,3,4,3389,Fully-Furnished,1,1,0,1,0,112117
Hyderabad,1,4,2195,Semi-Furnished,1,0,0,1,1,56083
Pune,2,4,587,Semi-Furnished,1,0,1,0,1,42304
Mumbai,3,4,1480,Semi-Furnished,1,0,0,1,1,79279
Hyderabad,2,3,1340,Semi-Furnished,1,1,1,0,0,52312
Pune,3,3,3491,Unfurnished,1,0,1,0,0,60960
Chennai,5,2,2720,Semi-Furnished,0,1,1,0,0,74196
Chennai,4,4,3590,Unfurnished,0,0,0,0,1,65748
Chennai,5,3,3030,Fully-Furnished,0,0,1,1,1,99487
Chennai,2,1,2963,Semi-Furnished,1,1,1,0,0,63157
Chennai,4,4,3692,Unfurnished,1,0,0,0,1,69037
Pune,3,2,925,Semi-Furnished,1,1,0,1,0,47787
Pune,4,2,3986,Fully-Furnished,0,0,1,0,1,95416
Bangalore,1,2,735,Fully-Furnished,1,0,0,1,0,60612
Ahmedabad,4,1,3145,Fully-Furnished,1,1,0,0,1,79430
Delhi,1,3,1478,Semi-Furnished,0,1,0,0,1,61397
Kolkata,4,1,2947,Semi-Furnished,1,1,0,0,0,62511
Chennai,1,4,3347,Unfurnished,0,0,1,0,0,56160
Mumbai,2,2,3213,Fully-Furnished,0,0,0,0,0,102985
Kolkata,5,1,2983,Semi-Furnished,1,0,0,0,0,62904
Pune,3,1,561,Fully-Furnished,1,1,0,1,0,52620
Mumbai,4,3,993,Fully-Furnished,1,1,1,0,1,96244
Mumbai,5,3,2338,Unfurnished,0,1,1,1,0,80482
Mumbai,3,2,2606,Unfurnished,0,0,0,1,0,71845
Bangalore,3,1,3659,Unfurnished,0,0,0,0,0,63617
Pune,1,1,459,Unfurnished,1,1,1,1,0,30232
Mumbai,2,3,3362,Fully-Furnished,1,0,0,0,0,111245
Chennai,2,1,3790,Unfurnished,1,1,0,1,1,65681
Hyderabad,5,1,2301,Unfurnished,1,0,1,0,0,56571
Mumbai,2,1,2658,Unfurnished,0,0,0,1,0,65775
Bangalore,4,3,805,Unfurnished,0,1,0,1,0,53120
Kolkata,2,2,1063,Fully-Furnished,0,0,1,0,1,46798
Pune,5,4,1532,Unfurnished,0,0,1,1,1,56165
Ahmedabad,2,2,1499,Fully-Furnished,1,1,0,0,0,53845
Bangalore,4,4,941,Semi-Furnished,1,1,1,0,0,65288
Mumbai,1,1,1737,Fully-Furnished,1,0,0,0,1,83291
Pune,5,2,1397,Fully-Furnished,0,1,0,0,1,68664
Hyderabad,1,4,1540,Unfurnished,0,0,0,0,1,38406
Mumbai,1,3,3374,Semi-Furnished,1,1,1,1,0,92654
Bangalore,1,3,1267,Semi-Furnished,1,0,1,1,0,56676
Delhi,3,2,2466,Semi-Furnished,0,0,0,1,1,74027
Chennai,3,2,831,Semi-Furnished,1,1,0,0,0,47346
Ahmedabad,1,1,1139,Fully-Furnished,0,0,1,1,1,44843
Kolkata,5,2,1773,Semi-Furnished,0,0,1,1,1,59539
Bangalore,4,1,582,Fully-Furnished,0,1,1,1,1,72398
Pune,4,1,2560,Fully-Furnished,1,1,0,1,0,78136
Ahmedabad,2,3,1606,Fully-Furnished,1,0,1,1,1,61466
Ahmedabad,5,3,2928,Semi-Furnished,0,1,1,0,1,71992
Ahmedabad,3,4,1569,Unfurnished,1,1,0,0,0,41677
Mumbai,1,3,1230,Unfurnished,0,0,0,1,1,54620
Chennai,2,3,2051,Semi-Furnished,0,0,0,0,0,52116
Mumbai,4,2,1536,Unfurnished,0,1,1,0,1,66769
Pune,3,3,3210,Unfurnished,0,1,0,1,0,58503
Mumbai,3,4,875,Fully-Furnished,1,1,0,1,1,95215
Delhi,1,2,3210,Fully-Furnished,0,0,0,0,1,91506
Chennai,4,4,1726,Semi-Furnished,0,0,0,1,1,65141
Chennai,5,3,1370,Semi-Furnished,1,0,1,0,1,63935
Pune,3,4,1419,Unfurnished,0,0,0,0,1,44186
Kolkata,1,2,1541,Fully-Furnished,0,0,1,1,0,50419
Delhi,5,1,2236,Semi-Furnished,1,0,1,0,0,77561
Bangalore,4,4,560,Semi-Furnished,1,0,1,0,1,62420
Mumbai,3,4,2848,Semi-Furnished,1,1,0,0,1,93890
Hyderabad,5,2,597,Semi-Furnished,0,1,1,1,1,52813
Mumbai,5,2,1683,Semi-Furnished,1,0,0,1,0,83202
Ahmedabad,5,4,1059,Semi-Furnished,1,0,0,1,0,52705
Mumbai,3,3,2175,Unfurnished,0,0,0,1,1,71884
Bangalore,3,4,1470,Fully-Furnished,0,1,1,0,0,81538
Mumbai,2,2,2410,Fully-Furnished,0,0,0,1,1,100184
Delhi,4,1,798,Semi-Furnished,0,1,0,1,1,63189
Delhi,1,1,2133,Fully-Furnished,0,1,0,1,1,81531
Chennai,5,3,1982,Fully-Furnished,1,1,1,1,0,88415
Pune,2,4,2525,Fully-Furnished,1,1,1,0,1,80346
Kolkata,1,1,2571,Semi-Furnished,1,1,1,0,1,52125
Hyderabad,2,4,474,Semi-Furnished,0,0,0,0,1,40567
Ahmedabad,3,2,2584,Fully-Furnished,0,0,1,1,0,70028
Mumbai,5,1,1001,Fully-Furnished,0,1,0,1,0,92931
Mumbai,1,3,3871,Semi-Furnished,1,0,0,0,0,88738
Bangalore,1,2,1236,Unfurnished,1,1,1,1,1,49262
Pune,1,3,1928,Fully-Furnished,0,1,0,1,0,58952
Delhi,1,2,899,Unfurnished,1,0,1,0,1,48686
Hyderabad,1,1,1996,Fully-Furnished,0,0,0,0,0,53647
Chennai,2,3,537,Unfurnished,1,0,1,1,1,39642
Delhi,5,3,2497,Unfurnished,1,0,0,1,0,72420
Ahmedabad,3,2,2194,Unfurnished,1,0,0,1,1,45832
Pune,3,3,1372,Semi-Furnished,0,1,0,0,0,49395
Ahmedabad,3,2,2042,Unfurnished,1,0,0,0,0,39986
Kolkata,3,2,2285,Unfurnished,1,0,0,0,0,46118
Chennai,2,2,2701,Unfurnished,0,0,1,0,1,54014
Kolkata,4,2,2428,Fully-Furnished,1,1,0,1,0,77091
Bangalore,5,1,3157,Unfurnished,0,0,1,0,0,68383
Ahmedabad,1,2,2300,Fully-Furnished,0,1,1,0,0,58149
Bangalore,4,4,3010,Unfurnished,0,0,1,1,0,69655
Mumbai,3,3,3204,Unfurnished,0,0,0,1,1,76166
Kolkata,4,4,1849,Semi-Furnished,0,1,0,1,0,55830
Pune,5,1,946,Fully-Furnished,1,0,0,0,1,62948
Ahmedabad,1,4,3773,Unfurnished,0,0,1,1,1,56005
Hyderabad,1,3,1321,Fully-Furnished,0,1,0,1,1,57174
Chennai,5,4,980,Fully-Furnished,0,0,0,0,1,70289
Delhi,5,1,1772,Semi-Furnished,0,1,1,0,0,74101
Pune,3,2,2356,Semi-Furnished,1,1,1,1,1,65889
Pune,1,4,2403,Semi-Furnished,0,1,1,0,1,57639
Bangalore,4,1,2496,Semi-Furnished,1,1,1,1,1,81090
Kolkata,2,1,3364,Semi-Furnished,0,1,1,1,1,62626
Ahmedabad,2,3,3545,Semi-Furnished,1,0,1,0,0,65084
Ahmedabad,5,3,1103,Semi-Furnished,0,0,0,1,0,49542
Mumbai,3,4,2708,Semi-Furnished,0,0,1,0,1,88839
Mumbai,2,2,2803,Unfurnished,1,1,0,0,1,71370
Chennai,1,1,2025,Fully-Furnished,0,1,0,0,1,62562
Bangalore,5,4,3731,Semi-Furnished,1,1,0,1,0,98337
Pune,4,1,1037,Semi-Furnished,0,1,1,0,0,47817
Ahmedabad,5,1,3190,Fully-Furnished,1,0,0,0,0,80563
Hyderabad,4,2,3766,Unfurnished,0,0,1,1,0,66596
Bangalore,5,2,1409,Fully-Furnished,0,1,1,1,0,88085
Chennai,5,4,3378,Fully-Furnished,1,1,0,1,1,106828
Chennai,5,2,1040,Semi-Furnished,0,0,1,1,0,57135
Bangalore,4,2,3239,Fully-Furnished,0,1,0,0,0,99685
Chennai,4,4,3784,Fully-Furnished,0,1,0,0,1,103915
Bangalore,5,2,3059,Semi-Furnished,0,1,1,0,0,84401
Delhi,2,3,2261,Semi-Furnished,0,0,0,1,0,71888
Bangalore,3,1,3256,Semi-Furnished,0,0,0,1,0,75778
Kolkata,3,1,1605,Semi-Furnished,1,1,0,0,1,48351
Bangalore,3,1,1085,Fully-Furnished,1,0,1,1,0,72533
Chennai,4,1,2251,Fully-Furnished,1,1,0,1,1,83929
Ahmedabad,4,4,3835,Unfurnished,0,1,1,0,1,66883
Kolkata,2,1,587,Unfurnished,1,0,1,0,0,28000
Chennai,3,1,2019,Fully-Furnished,0,1,0,1,0,71852
Mumbai,3,1,2087,Unfurnished,0,1,0,1,0,66540
Mumbai,5,1,1384,Fully-Furnished,0,0,1,1,0,97827
Ahmedabad,4,3,947,Unfurnished,0,1,1,0,1,39845
Ahmedabad,3,1,3172,Semi-Furnished,1,1,0,0,0,60106
Kolkata,2,3,3373,Unfurnished,0,1,0,0,1,52467
Delhi,2,4,1831,Semi-Furnished,1,0,1,0,1,73236
Ahmedabad,3,2,1275,Semi-Furnished,0,1,1,0,1,45181
Mumbai,4,1,1017,Semi-Furnished,1,0,1,1,1,77772
Bangalore,2,2,2861,Semi-Furnished,1,1,1,1,1,78397
Chennai,5,2,1765,Unfurnished,1,1,1,1,0,58646
Mumbai,2,4,1643,Fully-Furnished,1,1,0,0,1,96387
Mumbai,1,2,1302,Semi-Furnished,1,1,1,0,1,68216
Delhi,1,3,562,Unfurnished,1,0,1,0,0,43499
Kolkata,4,2,2374,Semi-Furnished,0,0,0,1,0,55586
Kolkata,3,2,3691,Unfurnished,1,1,0,0,1,60019
Pune,4,2,669,Unfurnished,0,1,1,0,1,41139
Delhi,4,1,1031,Unfurnished,1,1,1,1,0,58859
Bangalore,4,1,1305,Fully-Furnished,0,1,0,0,1,76291
Kolkata,4,3,3871,Unfurnished,1,1,1,1,0,66126
Chennai,5,3,3653,Unfurnished,1,1,1,0,0,72349
Ahmedabad,5,1,2414,Fully-Furnished,0,1,0,0,1,75924
Delhi,2,3,2041,Fully-Furnished,1,1,1,1,0,91083
Ahmedabad,1,1,604,Unfurnished,1,0,0,1,1,26007
Mumbai,4,4,981,Fully-Furnished,1,0,0,1,1,97341
Chennai,2,2,1979,Semi-Furnished,0,0,0,1,1,53735
Chennai,1,2,1240,Semi-Furnished,1,1,0,1,0,48642
Mumbai,3,3,2236,Fully-Furnished,0,1,1,1,1,108247
Delhi,5,1,1651,Fully-Furnished,1,1,0,0,0,89703
Mumbai,1,1,2119,Unfurnished,1,0,1,0,1,62795
Ahmedabad,3,3,2042,Fully-Furnished,0,1,1,1,1,67691
Pune,1,1,3043,Unfurnished,1,0,1,0,0,49707
Chennai,5,4,2697,Semi-Furnished,1,1,1,1,1,81390
Hyderabad,5,2,1274,Fully-Furnished,0,0,1,0,1,70880
Hyderabad,2,3,1864,Unfurnished,1,0,0,1,0,44393
Ahmedabad,4,3,2643,Unfurnished,0,0,0,0,0,49514
Bangalore,1,1,1089,Semi-Furnished,0,1,0,0,0,48961
Kolkata,1,3,2410,Fully-Furnished,0,0,0,0,1,60863
Mumbai,3,4,3990,Semi-Furnished,1,1,1,0,0,104761
Mumbai,5,1,3541,Unfurnished,0,1,0,0,0,83397
Bangalore,1,1,3086,Unfurnished,0,1,1,1,1,60502
Bangalore,5,1,1822,Fully-Furnished,1,1,1,1,0,91437
Ahmedabad,1,1,2401,Unfurnished,0,1,0,1,1,39701
Ahmedabad,2,4,1071,Fully-Furnished,1,0,0,0,1,53304
Bangalore,4,1,3674,Semi-Furnished,1,1,0,1,0,87027
Chennai,1,3,1571,Fully-Furnished,1,1,0,0,1,64032
Ahmedabad,5,4,1895,Fully-Furnished,1,1,1,0,0,77478
Pune,2,2,1343,Unfurnished,0,1,1,0,0,37592
Ahmedabad,1,2,2646,Unfurnished,0,1,0,1,0,41123
Mumbai,3,3,1849,Fully-Furnished,0,0,1,0,0,96063
Ahmedabad,4,3,2939,Unfurnished,0,0,1,1,1,56656
Chennai,1,4,1295,Unfurnished,0,1,1,1,1,44297
Bangalore,2,2,2589,Unfurnished,1,0,0,0,0,54790
Mumbai,3,2,1736,Fully-Furnished,0,0,1,0,0,94849
Ahmedabad,2,2,564,Unfurnished,0,1,0,1,1,32374
Chennai,2,2,2761,Fully-Furnished,0,0,0,1,0,74998
Pune,3,2,2468,Unfurnished,1,1,1,1,1,56098
Ahmedabad,2,1,1505,Semi-Furnished,1,0,1,1,0,40676
Chennai,3,3,3602,Unfurnished,0,0,0,1,1,65037
Pune,1,1,2153,Unfurnished,1,0,1,1,1,46025
Bangalore,3,2,3431,Fully-Furnished,0,1,1,0,1,101258
Ahmedabad,3,4,2752,Fully-Furnished,0,0,0,1,0,72662
Pune,4,4,2338,Unfurnished,1,0,0,1,0,56864
Mumbai,3,2,770,Semi-Furnished,1,1,0,1,0,70257
Bangalore,3,2,2280,Unfurnished,0,1,0,1,0,57419
Mumbai,1,4,1252,Unfurnished,0,0,1,0,0,56506
Hyderabad,4,1,783,Semi-Furnished,1,1,1,0,1,50152
Delhi,5,1,2331,Fully-Furnished,0,0,0,1,1,98196
Ahmedabad,1,2,2892,Unfurnished,1,0,0,1,1,47214
Pune,1,1,824,Fully-Furnished,0,1,0,1,1,46381
Delhi,5,4,2608,Fully-Furnished,1,1,1,0,1,112397
Delhi,3,1,3649,Semi-Furnished,0,1,0,0,1,87019
Pune,2,2,1028,Semi-Furnished,0,0,1,0,1,42294
Bangalore,4,4,1294,Fully-Furnished,1,1,0,0,0,85115
Ahmedabad,2,1,2937,Unfurnished,0,0,0,0,1,43931
Hyderabad,5,3,3464,Fully-Furnished,0,1,0,0,0,98408
Mumbai,1,4,2774,Unfurnished,1,0,1,1,1,75823
Chennai,1,4,997,Unfurnished,0,1,1,0,1,39325
Mumbai,4,3,3462,Semi-Furnished,0,0,1,0,0,98781
Chennai,1,3,2736,Unfurnished,0,1,0,1,1,54690
Mumbai,1,4,992,Unfurnished,1,0,1,0,0,57101
Pune,4,3,2087,Fully-Furnished,1,1,1,1,1,81097
Hyderabad,4,2,972,Semi-Furnished,1,1,0,0,0,51751
Ahmedabad,5,2,3825,Unfurnished,0,0,0,1,1,65000
Chennai,1,2,2475,Unfurnished,0,1,1,1,0,48956
Ahmedabad,1,4,3401,Semi-Furnished,0,0,1,1,0,62458
Ahmedabad,5,3,2490,Fully-Furnished,0,0,1,1,1,79829
Ahmedabad,3,3,2104,Semi-Furnished,1,1,1,1,1,58198
Kolkata,3,1,2870,Semi-Furnished,0,0,0,0,0,54702
Bangalore,3,1,576,Unfurnished,0,1,0,0,1,44411
Mumbai,5,3,928,Unfurnished,0,1,0,1,0,66504
Ahmedabad,1,3,2033,Fully-Furnished,1,0,1,1,1,58213
Mumbai,5,3,1365,Unfurnished,0,1,1,1,0,73261
Ahmedabad,5,4,1917,Unfurnished,0,0,0,0,1,47514
Chennai,3,3,597,Semi-Furnished,0,0,0,1,0,44103
Bangalore,2,1,3057,Unfurnished,0,1,1,1,1,63012
Bangalore,1,4,3289,Fully-Furnished,0,1,1,1,0,96735
Pune,3,3,1252,Semi-Furnished,1,0,0,1,0,51948
Kolkata,2,1,3988,Fully-Furnished,0,0,0,0,1,79769
Pune,2,4,1937,Semi-Furnished,0,1,0,1,1,58285
Pune,4,3,2469,Unfurnished,0,1,1,1,0,55305
Pune,1,3,3583,Semi-Furnished,0,1,1,0,0,65564
Pune,2,3,1480,Semi-Furnished,0,1,1,1,0,50646
Pune,3,4,3537,Unfurnished,0,0,1,1,0,62291
Hyderabad,4,1,3289,Unfurnished,0,1,1,0,1,60100
Bangalore,1,1,497,Fully-Furnished,0,0,1,0,0,52951
Pune,5,2,3615,Fully-Furnished,0,0,0,0,0,92892
Ahmedabad,3,3,2303,Unfurnished,0,1,0,1,0,47984
Bangalore,2,2,834,Unfurnished,1,0,1,1,1,48613
Bangalore,2,2,1036,Unfurnished,1,1,0,0,0,44885
Delhi,3,1,3557,Semi-Furnished,1,0,1,0,1,86940
Hyderabad,2,4,987,Semi-Furnished,1,1,0,0,1,47764
Pune,4,4,743,Semi-Furnished,0,0,1,1,1,54222
Mumbai,1,1,1717,Unfurnished,1,0,0,1,1,59688
Chennai,4,4,2379,Fully-Furnished,1,1,0,0,1,87176
Kolkata,2,2,970,Unfurnished,0,1,1,1,1,38609
Ahmedabad,5,3,1010,Semi-Furnished,1,0,1,0,1,52369
Mumbai,1,1,2127,Semi-Furnished,1,0,0,1,0,70110
Hyderabad,1,3,2690,Unfurnished,0,1,0,1,0,49527
Chennai,3,4,2254,Unfurnished,0,0,1,1,1,56044
Hyderabad,3,3,3008,Semi-Furnished,0,1,0,1,0,69491
Ahmedabad,5,4,1359,Semi-Furnished,1,0,1,0,0,56717
Bangalore,1,4,2479,Semi-Furnished,1,1,1,1,1,76514
Chennai,5,2,2838,Unfurnished,0,0,0,1,0,60711
Bangalore,3,4,2724,Semi-Furnished,0,1,1,0,1,79970
Ahmedabad,3,2,931,Semi-Furnished,1,1,0,1,0,43551
Mumbai,1,2,1577,Fully-Furnished,0,0,0,0,1,80953
Ahmedabad,4,2,2830,Unfurnished,1,1,1,0,1,56827
Mumbai,2,1,1491,Fully-Furnished,0,0,0,1,0,83826
Chennai,3,1,2301,Fully-Furnished,0,1,1,1,0,74719
Chennai,3,4,1283,Semi-Furnished,1,1,1,0,1,59588
Pune,4,2,2661,Unfurnished,0,1,1,0,1,58701
Hyderabad,4,1,2078,Semi-Furnished,0,0,0,0,1,58773
Pune,5,2,2823,Unfurnished,0,1,1,1,0,59980
Hyderabad,5,3,3191,Fully-Furnished,1,0,0,0,0,91904
Pune,2,3,2660,Unfurnished,0,1,1,0,0,49830
Bangalore,2,3,2526,Semi-Furnished,0,0,1,0,0,70348
Chennai,1,4,2149,Semi-Furnished,0,0,1,1,1,57546
Mumbai,5,2,3075,Semi-Furnished,0,0,0,0,1,95999
Hyderabad,3,3,3051,Unfurnished,0,1,0,1,1,58312
Ahmedabad,5,1,1181,Fully-Furnished,0,0,1,1,1,61914
Hyderabad,3,3,3852,Fully-Furnished,1,1,1,0,0,95898
Mumbai,4,3,3448,Unfurnished,1,0,0,1,1,86239
Pune,5,3,3127,Semi-Furnished,0,0,0,0,1,72353
Hyderabad,4,4,2505,Fully-Furnished,1,0,0,1,0,85616
Kolkata,2,1,3497,Semi-Furnished,1,0,1,1,0,61913
Bangalore,2,2,1280,Unfurnished,0,1,0,0,1,49094
Chennai,1,1,846,Semi-Furnished,1,0,1,0,0,40616
Mumbai,5,2,2513,Fully-Furnished,1,0,0,0,1,112163
Chennai,4,4,2183,Fully-Furnished,1,1,1,1,0,89662
Kolkata,3,4,1677,Semi-Furnished,1,0,1,1,0,54873
Hyderabad,2,4,2391,Unfurnished,1,0,1,0,1,51636
Hyderabad,2,4,1467,Semi-Furnished,1,0,0,0,0,49393
Ahmedabad,3,2,3568,Unfurnished,1,0,0,1,1,56187
Kolkata,4,3,1977,Semi-Furnished,1,1,0,1,0,59980
Mumbai,4,2,1411,Fully-Furnished,0,1,1,1,0,98967
Ahmedabad,5,1,2674,Unfurnished,0,0,1,0,0,49315
Bangalore,5,4,1173,Unfurnished,1,1,0,1,0,61408
Ahmedabad,1,4,3126,Unfurnished,1,1,1,0,0,52266
Delhi,2,1,3907,Fully-Furnished,0,0,1,1,1,107878
Mumbai,5,2,2214,Semi-Furnished,1,1,1,1,0,92908
Delhi,4,3,3048,Fully-Furnished,1,0,0,0,1,109127
Kolkata,3,3,2826,Unfurnished,0,1,1,0,0,52250
Pune,4,1,1601,Semi-Furnished,0,1,0,0,1,53146
Delhi,2,3,1850,Fully-Furnished,0,1,0,1,0,85342
Bangalore,4,2,3156,Unfurnished,1,0,0,1,1,71219
Ahmedabad,1,2,706,Unfurnished,1,1,0,1,1,30535
Pune,2,1,1178,Fully-Furnished,0,0,0,0,0,47847
Ahmedabad,3,2,2951,Fully-Furnished,0,0,1,1,0,75299
Delhi,1,4,2715,Fully-Furnished,1,1,0,0,0,93407
Ahmedabad,2,1,407,Unfurnished,0,0,0,0,1,23370
Kolkata,3,2,2955,Fully-Furnished,1,1,0,0,1,76793
Pune,1,1,875,Unfurnished,1,0,1,1,0,32467
Kolkata,1,3,1720,Fully-Furnished,0,0,1,1,0,54181
Delhi,2,2,2611,Unfurnished,0,1,1,0,1,62841
Kolkata,5,4,884,Unfurnished,1,1,1,1,1,51247
Bangalore,1,2,3543,Semi-Furnished,0,1,0,0,0,73158
Delhi,1,1,3014,Fully-Furnished,0,1,0,0,1,88254
Delhi,3,1,1304,Fully-Furnished,0,0,1,1,0,75825
Delhi,4,2,958,Unfurnished,0,0,1,0,0,51619
Mumbai,2,4,2367,Unfurnished,1,0,1,0,0,71733
Ahmedabad,2,4,2685,Unfurnished,1,1,1,1,1,53700
Mumbai,5,4,1527,Semi-Furnished,1,0,0,0,1,84534
Mumbai,5,1,1633,Semi-Furnished,1,1,1,0,1,85319
Bangalore,2,2,3001,Unfurnished,0,0,1,0,1,61236
Pune,5,3,3275,Fully-Furnished,0,1,1,0,0,93190
Ahmedabad,3,1,867,Fully-Furnished,1,0,1,0,1,47946
Kolkata,2,4,3925,Semi-Furnished,1,0,1,0,0,70656
Hyderabad,5,2,3739,Semi-Furnished,0,1,1,0,0,80901
Delhi,2,4,2833,Unfurnished,1,0,1,1,0,68090
Kolkata,4,3,3222,Fully-Furnished,1,1,0,1,1,89203
Delhi,1,4,1247,Unfurnished,0,0,0,0,0,48838
Bangalore,2,4,2834,Semi-Furnished,1,0,0,0,0,73115
Delhi,1,3,3324,Fully-Furnished,0,1,0,1,1,98170
Mumbai,5,2,658,Fully-Furnished,0,1,0,1,0,90369
Ahmedabad,1,1,682,Semi-Furnished,1,0,0,1,1,30978
Hyderabad,2,2,2049,Unfurnished,0,0,1,1,1,48430
Chennai,4,3,2298,Unfurnished,1,0,1,1,1,59707
Delhi,5,4,439,Fully-Furnished,0,0,0,0,0,79605
Kolkata,2,2,2933,Semi-Furnished,1,0,1,1,1,59441
Mumbai,5,1,3376,Fully-Furnished,1,0,0,1,1,123437
Chennai,3,3,2667,Semi-Furnished,1,1,1,1,1,74506
Hyderabad,1,2,3600,Unfurnished,0,1,1,0,1,56154
Chennai,3,1,1414,Semi-Furnished,0,1,1,0,0,52029
Mumbai,2,3,3471,Unfurnished,1,0,1,0,1,78087
Ahmedabad,4,1,3991,Semi-Furnished,0,0,1,0,0,70681
Ahmedabad,5,3,1012,Fully-Furnished,1,0,1,0,1,62103
Pune,1,4,3375,Unfurnished,1,1,0,0,0,56410
Ahmedabad,5,2,2315,Fully-Furnished,0,1,0,1,1,76072
Pune,2,1,1087,Fully-Furnished,1,0,1,0,0,52291
Chennai,5,3,1012,Unfurnished,0,0,0,0,1,47006
Bangalore,1,1,2707,Unfurnished,1,1,1,1,0,60046
Kolkata,2,1,3437,Fully-Furnished,0,1,0,0,0,71770
Kolkata,5,2,3413,Fully-Furnished,1,1,1,1,0,95579
Chennai,4,4,2813,Fully-Furnished,1,0,0,1,1,92262
Delhi,2,1,2181,Fully-Furnished,0,0,1,0,0,80136
Delhi,2,3,2210,Unfurnished,1,0,0,1,0,60152
Ahmedabad,4,3,2991,Unfurnished,1,1,1,1,0,57755
Kolkata,3,4,3096,Fully-Furnished,0,1,0,1,0,80435
Kolkata,1,3,1947,Semi-Furnished,1,0,1,1,1,51866
Pune,3,4,2330,Semi-Furnished,0,0,1,0,0,62273
Bangalore,5,3,3261,Unfurnished,1,1,1,1,0,78093
Mumbai,4,2,3487,Fully-Furnished,0,0,0,0,0,118537
Delhi,3,1,1552,Fully-Furnished,1,1,0,1,1,84553
Kolkata,2,2,974,Unfurnished,1,1,0,1,0,33870
Pune,5,1,3580,Semi-Furnished,1,0,1,1,0,78977
Hyderabad,5,1,2310,Semi-Furnished,0,1,0,0,0,63811
Pune,3,1,1412,Semi-Furnished,0,0,1,0,0,48111
Delhi,3,2,1069,Unfurnished,0,1,0,0,1,51612
Delhi,4,1,668,Semi-Furnished,0,1,0,1,0,60901
Pune,1,2,3633,Unfurnished,1,0,0,1,0,52272
Mumbai,3,4,1683,Unfurnished,1,1,0,1,1,69918
Chennai,3,3,1323,Fully-Furnished,0,0,1,1,1,67141
Delhi,2,3,1525,Semi-Furnished,0,0,0,0,1,64837
Pune,5,1,1929,Unfurnished,0,1,0,1,0,52141
Kolkata,1,2,2158,Semi-Furnished,1,0,1,0,1,49463
Pune,2,3,1994,Semi-Furnished,0,0,1,1,0,53781
Bangalore,4,2,646,Fully-Furnished,0,0,0,0,1,68952
Chennai,4,2,1960,Semi-Furnished,1,0,0,0,0,59021
Hyderabad,3,1,2578,Fully-Furnished,1,0,1,1,1,77824
Mumbai,3,3,2800,Unfurnished,0,0,1,1,0,74403
Ahmedabad,4,1,2643,Semi-Furnished,1,1,1,0,1,63798
Hyderabad,3,1,2339,Unfurnished,0,0,0,1,0,47370
Chennai,1,3,1329,Semi-Furnished,1,1,0,1,0,47668
Chennai,3,3,3853,Unfurnished,0,1,0,0,0,62396
Chennai,5,4,3469,Semi-Furnished,0,0,1,0,0,80511
Hyderabad,3,4,3092,Semi-Furnished,0,1,1,0,0,70525
Kolkata,2,2,626,Semi-Furnished,0,1,1,0,0,36942
Chennai,1,3,3148,Semi-Furnished,1,0,0,1,0,65370
Pune,2,4,3947,Semi-Furnished,1,0,1,0,0,75498
Hyderabad,2,2,3948,Semi-Furnished,1,0,0,0,1,71766
Ahmedabad,5,2,664,Semi-Furnished,1,1,1,0,0,46621
Chennai,1,2,1795,Semi-Furnished,0,1,0,1,0,48465
Pune,1,4,3957,Semi-Furnished,0,0,0,0,1,70290
Kolkata,1,3,1857,Unfurnished,1,0,1,1,0,41488
Bangalore,1,1,1045,Fully-Furnished,1,1,0,0,1,61462
Kolkata,1,2,2658,Semi-Furnished,1,1,1,0,0,53165
Ahmedabad,5,4,3848,Fully-Furnished,1,1,0,1,1,102125
Chennai,3,4,1818,Semi-Furnished,1,1,1,0,1,65553
Ahmedabad,2,1,1873,Semi-Furnished,0,0,1,0,0,43965
Hyderabad,1,1,3390,Unfurnished,0,1,0,1,1,53939
Delhi,3,4,1787,Unfurnished,0,1,1,0,0,61456
Chennai,3,3,2299,Fully-Furnished,1,1,0,0,0,77039
Delhi,2,1,2904,Unfurnished,1,1,1,0,0,62983
Pune,5,4,3172,Unfurnished,1,0,1,0,0,64125
Bangalore,4,1,1649,Fully-Furnished,1,0,1,1,1,83667
Mumbai,4,3,1381,Unfurnished,0,1,1,0,0,67521
Ahmedabad,3,2,1554,Semi-Furnished,0,1,0,1,1,49411
Kolkata,2,1,987,Fully-Furnished,1,0,1,0,1,45638
Bangalore,4,3,875,Fully-Furnished,0,0,1,1,0,78094
Chennai,3,4,2221,Semi-Furnished,0,1,0,0,0,61540
Delhi,5,1,1385,Unfurnished,1,1,0,1,0,60784
Kolkata,4,1,3748,Fully-Furnished,1,0,0,0,0,84221
Delhi,3,4,2603,Fully-Furnished,1,0,0,1,1,101225
Hyderabad,3,2,1641,Semi-Furnished,1,0,0,1,0,52372
Delhi,1,4,589,Semi-Furnished,1,0,0,0,1,54010
Hyderabad,5,1,1840,Unfurnished,1,0,1,1,0,52849
Pune,1,4,1380,Fully-Furnished,0,0,0,0,0,54506
Kolkata,2,3,2098,Unfurnished,0,1,1,0,0,41507
Kolkata,1,4,2115,Unfurnished,1,0,0,0,0,38488
Mumbai,1,1,2993,Semi-Furnished,0,0,1,0,1,78344
Chennai,4,4,440,Fully-Furnished,1,0,1,0,1,65783
Hyderabad,3,2,2754,Fully-Furnished,1,0,1,1,0,79266
Mumbai,5,4,1342,Fully-Furnished,1,1,0,0,1,107449
Delhi,1,2,737,Semi-Furnished,1,1,0,0,1,53922
Delhi,5,3,1737,Semi-Furnished,0,0,0,0,0,73783
Mumbai,1,2,1498,Semi-Furnished,1,1,0,0,0,67827
Kolkata,2,4,3400,Semi-Furnished,0,1,1,0,1,66123
Delhi,1,1,2726,Semi-Furnished,1,1,0,0,1,69960
Ahmedabad,4,2,3647,Fully-Furnished,1,1,1,1,1,92039
Pune,3,3,1295,Unfurnished,1,1,1,1,1,49233
Pune,2,2,2720,Fully-Furnished,0,1,0,0,0,69480
Ahmedabad,1,2,3284,Unfurnished,1,0,0,1,0,45737
Mumbai,5,2,3067,Semi-Furnished,1,0,0,0,1,98923
Ahmedabad,2,3,2074,Unfurnished,1,0,1,0,0,40179
Hyderabad,2,4,3309,Fully-Furnished,0,0,0,0,1,84918
Hyderabad,1,2,1330,Fully-Furnished,0,0,1,0,1,54112
Mumbai,2,2,688,Unfurnished,0,1,0,0,0,50692
Ahmedabad,5,1,1123,Semi-Furnished,1,0,1,1,1,50323
Hyderabad,2,3,3340,Semi-Furnished,0,0,0,1,1,66446
Kolkata,5,2,2719,Fully-Furnished,1,1,0,1,0,84417
Ahmedabad,1,3,2353,Unfurnished,0,1,1,1,0,43895
Kolkata,3,2,1489,Semi-Furnished,0,0,0,0,1,46225
Hyderabad,2,4,882,Semi-Furnished,1,1,0,1,1,51817
Pune,3,4,1335,Fully-Furnished,0,1,0,0,0,63787
Hyderabad,5,2,2695,Semi-Furnished,1,1,0,1,1,73295
Kolkata,2,4,555,Unfurnished,1,1,0,1,1,35413
Bangalore,4,2,1470,Fully-Furnished,0,0,0,1,0,81008
Chennai,3,4,2358,Fully-Furnished,1,1,0,1,0,82633
Delhi,2,1,2901,Unfurnished,1,0,1,0,0,60998
Ahmedabad,3,1,2648,Fully-Furnished,0,0,1,1,0,68839
Bangalore,2,1,2083,Semi-Furnished,0,1,0,1,0,62606
Hyderabad,1,3,523,Semi-Furnished,1,1,0,0,0,38900
Pune,3,3,2448,Unfurnished,0,1,0,0,1,52685
Mumbai,4,1,1367,Semi-Furnished,1,0,1,1,1,77684
Hyderabad,4,3,1254,Unfurnished,1,1,1,0,0,50323
Pune,5,4,1039,Unfurnished,0,1,0,0,0,45346
Chennai,2,2,2638,Semi-Furnished,0,1,1,0,1,63073
Hyderabad,3,2,2002,Unfurnished,0,1,0,1,1,49625
Kolkata,5,2,2963,Semi-Furnished,0,1,0,0,1,66649
Mumbai,3,1,841,Fully-Furnished,1,0,0,1,0,82328
Pune,2,3,2344,Fully-Furnished,1,1,0,1,0,70871
Pune,4,4,2238,Unfurnished,0,1,1,1,1,58507
Pune,1,4,2229,Semi-Furnished,0,1,1,1,0,55601
Chennai,4,1,2590,Semi-Furnished,1,0,0,0,0,65755
Hyderabad,5,4,3662,Fully-Furnished,1,1,1,1,0,108656
Chennai,1,4,932,Fully-Furnished,1,0,1,0,1,56297
Ahmedabad,5,4,2674,Semi-Furnished,1,0,0,1,1,69536
Delhi,2,4,1736,Unfurnished,0,1,1,0,0,57381
Delhi,1,3,1348,Fully-Furnished,1,1,0,1,0,74031
Ahmedabad,5,4,3773,Unfurnished,1,1,0,0,0,67377
Hyderabad,2,2,2419,Unfurnished,0,0,0,1,0,47180
Kolkata,4,1,859,Fully-Furnished,1,0,0,1,0,51319
Chennai,2,3,3872,Unfurnished,1,0,1,0,1,64942
Mumbai,3,4,950,Unfurnished,0,0,0,1,0,58023
Pune,2,3,792,Semi-Furnished,0,0,1,1,0,42716
Pune,2,4,2187,Unfurnished,0,0,0,1,0,44981
Hyderabad,3,2,1244,Semi-Furnished,1,1,0,0,1,53486
Kolkata,5,1,3678,Fully-Furnished,1,1,1,1,1,98008
Delhi,5,4,2657,Fully-Furnished,0,0,0,1,0,106944
Delhi,2,4,1538,Semi-Furnished,0,1,1,0,1,69079
Pune,3,4,1045,Fully-Furnished,1,1,1,0,1,67185
Hyderabad,3,4,3722,Unfurnished,0,0,0,0,1,62992
Chennai,4,1,2666,Unfurnished,0,0,0,0,1,53525
Delhi,5,1,2854,Unfurnished,0,1,0,0,1,70846
Chennai,1,2,1866,Fully-Furnished,1,0,0,1,1,65764
Kolkata,5,1,1777,Unfurnished,1,0,0,1,0,47292
Delhi,5,4,3335,Fully-Furnished,1,1,0,1,1,122122
Delhi,4,2,3005,Unfurnished,1,0,1,0,1,74507
Bangalore,1,2,2997,Semi-Furnished,1,1,1,1,0,75547
Delhi,4,2,541,Fully-Furnished,1,1,0,0,0,76671
Ahmedabad,1,4,3059,Fully-Furnished,0,1,1,0,0,69087
Mumbai,2,3,900,Unfurnished,1,1,1,1,0,60876
Ahmedabad,1,4,1239,Fully-Furnished,1,1,0,0,1,51830
Hyderabad,4,1,3149,Fully-Furnished,0,0,0,0,1,85065
Hyderabad,5,1,2082,Semi-Furnished,1,0,1,1,1,67414
Chennai,1,4,1965,Semi-Furnished,1,0,0,0,1,53931
Ahmedabad,1,4,2446,Unfurnished,0,0,1,0,0,42757
Ahmedabad,3,2,1930,Semi-Furnished,0,1,0,1,1,53008
Ahmedabad,5,4,995,Unfurnished,0,1,1,0,1,44304
Kolkata,2,2,2304,Unfurnished,1,0,1,0,0,43287
Delhi,4,1,680,Unfurnished,0,1,1,1,1,53635
Mumbai,2,2,823,Fully-Furnished,1,0,1,1,1,83225
Chennai,5,4,3303,Semi-Furnished,1,0,0,1,1,82581
Ahmedabad,1,1,669,Unfurnished,1,0,0,1,1,26453
Ahmedabad,1,3,553,Semi-Furnished,1,1,1,0,0,33708
Bangalore,5,2,3061,Unfurnished,0,1,1,0,0,71966
Chennai,1,1,2150,Semi-Furnished,0,1,0,1,0,52293
Ahmedabad,1,2,1061,Semi-Furnished,1,1,0,0,0,35930
Chennai,1,1,2367,Unfurnished,0,0,1,0,0,42297
Delhi,4,1,482,Fully-Furnished,1,1,1,1,1,76515
Bangalore,4,2,3394,Semi-Furnished,1,1,1,1,1,91988
Chennai,3,3,3346,Fully-Furnished,1,1,1,0,0,92028
Mumbai,2,1,1849,Fully-Furnished,0,0,1,1,0,91837
Mumbai,5,1,1698,Unfurnished,1,0,0,1,0,70454
Hyderabad,5,1,2731,Unfurnished,1,1,1,1,1,64351
Bangalore,5,3,1379,Unfurnished,0,1,0,0,0,59457
Bangalore,3,3,2620,Semi-Furnished,0,1,0,1,1,75741
Hyderabad,4,4,3798,Unfurnished,0,1,0,0,1,67596
Chennai,3,2,3534,Unfurnished,0,0,1,0,1,62824
Bangalore,5,3,3544,Semi-Furnished,1,1,0,0,1,92822
Mumbai,2,2,3210,Semi-Furnished,0,1,0,1,0,89329
Mumbai,1,4,2059,Unfurnished,1,1,0,1,1,66734
Ahmedabad,4,2,1798,Unfurnished,0,0,0,1,1,44581
Delhi,4,3,1032,Unfurnished,0,0,1,1,0,57119
Bangalore,3,2,1931,Unfurnished,0,1,1,1,1,61058
Chennai,4,3,1186,Fully-Furnished,0,1,0,0,1,69004
Hyderabad,5,2,3390,Fully-Furnished,0,1,0,0,1,95138
Hyderabad,5,3,3459,Unfurnished,0,1,1,0,0,68546
Chennai,3,3,797,Fully-Furnished,1,1,1,1,1,65593
Kolkata,5,2,1543,Semi-Furnished,0,0,1,0,1,56120
Pune,2,4,1333,Fully-Furnished,0,0,0,0,0,56746
Delhi,3,1,1860,Fully-Furnished,0,0,1,1,0,85118
Hyderabad,2,4,2252,Unfurnished,0,1,0,1,1,52870
Bangalore,1,2,3123,Fully-Furnished,1,0,0,0,1,86806
Delhi,2,4,3383,Fully-Furnished,0,0,1,0,0,102871
Bangalore,1,3,2912,Fully-Furnished,0,0,0,1,1,89164
Kolkata,1,1,685,Fully-Furnished,0,1,1,1,0,38698
Mumbai,2,2,664,Semi-Furnished,0,1,0,1,1,67040
Delhi,3,2,2767,Unfurnished,1,0,1,1,0,67944
Ahmedabad,5,2,3120,Unfurnished,0,1,0,0,1,56531
Hyderabad,5,1,3847,Semi-Furnished,1,0,0,0,0,77488
Delhi,1,3,3267,Fully-Furnished,0,0,1,1,0,98260
Delhi,1,2,2536,Semi-Furnished,1,0,1,0,0,68424
Delhi,3,4,2077,Fully-Furnished,1,0,1,0,0,94896
Pune,4,2,1626,Semi-Furnished,0,1,1,1,0,59134
Delhi,2,2,1220,Unfurnished,0,1,0,0,1,50160
Bangalore,1,2,2162,Unfurnished,1,1,1,0,1,54629
Mumbai,5,2,3448,Unfurnished,1,1,1,0,0,87482
Kolkata,3,3,2781,Fully-Furnished,0,0,0,1,1,74868
Chennai,2,4,2669,Fully-Furnished,1,1,1,1,1,88159
Delhi,3,3,440,Semi-Furnished,1,0,1,0,1,59794
Hyderabad,2,4,2131,Semi-Furnished,1,1,0,1,1,61998
Delhi,2,2,467,Unfurnished,0,1,1,1,1,49847
Hyderabad,1,1,1387,Fully-Furnished,1,1,1,1,1,56923
Bangalore,3,3,2199,Semi-Furnished,1,0,1,0,0,71082
Hyderabad,3,1,2961,Fully-Furnished,1,0,1,0,1,80786
Ahmedabad,5,3,2021,Fully-Furnished,0,0,1,1,1,75471
Chennai,5,2,2055,Unfurnished,0,0,1,0,1,56543
Mumbai,1,3,3598,Unfurnished,1,1,0,0,0,76519
Hyderabad,1,2,1678,Fully-Furnished,0,0,1,0,1,56583
Hyderabad,4,3,1094,Fully-Furnished,1,0,0,0,1,65975
Mumbai,5,2,3487,Fully-Furnished,0,1,0,0,1,126026
Chennai,2,2,2924,Fully-Furnished,0,1,0,1,0,78665
Delhi,3,4,1485,Unfurnished,1,0,0,0,1,57990
Hyderabad,1,2,3328,Semi-Furnished,0,1,1,0,0,64082
Mumbai,3,4,2879,Unfurnished,0,0,1,0,1,77926
Ahmedabad,3,2,2093,Semi-Furnished,0,1,1,1,0,54001
Ahmedabad,4,1,2715,Fully-Furnished,1,0,0,1,0,73920
Bangalore,5,2,1458,Semi-Furnished,0,0,1,1,0,67713
Mumbai,1,1,1178,Unfurnished,0,0,1,0,1,53396
Bangalore,3,1,893,Unfurnished,1,0,1,1,0,48682
Ahmedabad,1,2,1985,Fully-Furnished,0,0,0,1,0,51502
Chennai,2,1,1892,Unfurnished,0,1,0,1,0,44073
Delhi,4,4,2190,Fully-Furnished,0,0,1,1,0,97605
Mumbai,2,3,1060,Unfurnished,0,0,0,0,1,54753
Kolkata,1,2,1748,Unfurnished,0,0,0,1,1,37786
Ahmedabad,1,1,1727,Fully-Furnished,1,0,1,1,1,51608
Ahmedabad,5,2,1699,Semi-Furnished,1,0,0,0,1,54977
Kolkata,3,4,2386,Unfurnished,0,1,0,0,0,46298
Pune,3,2,3460,Semi-Furnished,0,1,1,1,1,71766
Ahmedabad,2,2,2444,Unfurnished,0,0,0,0,0,40420
Hyderabad,4,1,3672,Unfurnished,1,1,0,1,1,67028
Chennai,3,4,3916,Unfurnished,1,0,0,0,1,68362
Mumbai,5,3,2328,Unfurnished,0,1,0,0,1,76096
Kolkata,2,3,1747,Semi-Furnished,0,1,0,1,0,48750
Hyderabad,2,1,1458,Semi-Furnished,1,0,0,0,1,44869
Kolkata,5,2,1376,Unfurnished,0,1,0,1,1,45767
Mumbai,4,1,881,Unfurnished,1,1,0,0,1,61390
Bangalore,5,1,1127,Semi-Furnished,1,0,1,1,0,65764
Mumbai,4,1,2927,Fully-Furnished,0,0,1,0,1,110863
Pune,5,2,3536,Fully-Furnished,1,1,1,0,1,100512
Mumbai,5,4,1431,Semi-Furnished,0,1,1,0,0,85541
Mumbai,1,1,3772,Unfurnished,0,1,0,0,0,72974
Pune,2,2,742,Unfurnished,0,0,1,0,1,33606
Chennai,5,4,3902,Fully-Furnished,0,1,1,1,1,111616
Ahmedabad,5,1,1847,Fully-Furnished,0,1,0,0,1,66508
Mumbai,3,3,2779,Semi-Furnished,0,1,0,1,0,90798
Pune,2,4,2885,Fully-Furnished,1,0,0,1,0,79505
Hyderabad,3,1,2621,Semi-Furnished,1,0,0,1,0,61800
Bangalore,2,4,3006,Fully-Furnished,1,0,0,0,1,93601
Bangalore,3,4,926,Fully-Furnished,1,0,1,1,0,77184
Mumbai,5,4,2296,Fully-Furnished,0,1,0,0,1,113702
Chennai,5,4,1058,Unfurnished,1,0,1,1,0,53740
Chennai,1,4,2473,Unfurnished,1,1,1,1,0,56467
Hyderabad,3,4,1219,Unfurnished,1,1,0,1,0,48625
Mumbai,4,1,3052,Fully-Furnished,0,1,1,1,1,117536
Bangalore,1,3,805,Semi-Furnished,1,1,1,1,1,56560
Chennai,3,2,2679,Semi-Furnished,0,0,0,0,1,65498
Mumbai,3,4,2980,Semi-Furnished,1,0,1,1,1,97302
Kolkata,1,2,1973,Semi-Furnished,0,0,1,1,0,42800
Chennai,5,1,2211,Unfurnished,0,0,1,0,1,56050
Pune,3,4,904,Unfurnished,1,0,0,0,0,38192
Kolkata,5,3,578,Fully-Furnished,0,1,0,0,1,58065
Ahmedabad,1,2,531,Fully-Furnished,0,0,0,1,1,35693
Chennai,5,4,2246,Semi-Furnished,1,0,1,1,0,74690
Bangalore,2,1,1878,Unfurnished,1,0,0,1,0,50951
Delhi,4,3,2795,Semi-Furnished,1,0,1,1,1,86889
Kolkata,3,2,2987,Fully-Furnished,0,1,0,1,1,77858
Ahmedabad,4,2,1171,Fully-Furnished,0,1,1,1,0,60372
Hyderabad,5,4,1829,Semi-Furnished,0,1,0,0,0,64614
Hyderabad,3,3,2523,Fully-Furnished,1,1,0,0,0,77879
Bangalore,5,3,978,Semi-Furnished,0,1,1,1,0,70530
Chennai,2,3,3301,Unfurnished,0,0,0,1,0,58556
Mumbai,1,3,1915,Semi-Furnished,0,1,1,1,1,76221
Chennai,3,1,593,Unfurnished,0,1,0,1,1,37401
Bangalore,2,3,2407,Unfurnished,0,1,0,1,1,61721
Hyderabad,2,2,1585,Fully-Furnished,0,0,1,0,1,61830
Chennai,3,2,2794,Fully-Furnished,0,0,1,0,0,82399
Hyderabad,5,1,3398,Fully-Furnished,1,1,1,1,0,99085
Kolkata,2,2,1784,Semi-Furnished,1,0,0,0,0,44728
Ahmedabad,4,2,2192,Semi-Furnished,1,0,1,1,1,60363
Mumbai,2,3,1510,Fully-Furnished,0,1,0,1,0,88481
Kolkata,5,2,3733,Semi-Furnished,0,0,1,1,0,74823
Hyderabad,5,1,2661,Fully-Furnished,1,0,1,0,1,86520
Hyderabad,4,3,2336,Semi-Furnished,0,0,1,0,1,65939
Delhi,2,4,3020,Unfurnished,1,1,1,1,1,74389
Delhi,5,3,1179,Unfurnished,0,1,1,0,0,61902
Kolkata,3,1,661,Fully-Furnished,0,1,1,0,0,44801
Pune,1,3,1129,Semi-Furnished,1,0,0,1,1,44098
Kolkata,1,3,682,Semi-Furnished,1,1,1,0,1,36299
Delhi,1,1,1890,Unfurnished,1,0,0,0,0,49274
Hyderabad,2,3,3851,Unfurnished,1,0,1,1,1,66308
Bangalore,4,1,761,Fully-Furnished,1,0,1,1,0,73655
Kolkata,5,1,3920,Unfurnished,0,1,1,0,1,67822
Hyderabad,3,4,840,Fully-Furnished,0,1,0,1,1,61691
Bangalore,3,2,2540,Unfurnished,0,1,0,0,1,61312
Bangalore,2,2,2044,Unfurnished,1,1,1,1,0,57670
Delhi,1,3,3200,Semi-Furnished,1,0,0,1,0,77082
Kolkata,2,3,1266,Unfurnished,1,1,1,1,1,44055
Chennai,4,4,1847,Unfurnished,1,0,1,1,0,57512
Mumbai,4,4,541,Fully-Furnished,1,1,0,0,1,93521
Delhi,5,4,1714,Unfurnished,1,1,0,1,1,69526
Delhi,5,1,1855,Fully-Furnished,0,1,0,1,0,94503
Chennai,4,4,3196,Unfurnished,0,0,0,1,0,61807
Mumbai,4,4,2275,Unfurnished,0,0,1,0,0,74754
Hyderabad,4,3,2247,Fully-Furnished,0,0,0,0,0,75030
Pune,2,4,2112,Semi-Furnished,0,0,0,1,1,55933
Kolkata,4,1,3100,Fully-Furnished,1,0,1,1,0,81498
Pune,3,1,1100,Fully-Furnished,1,1,0,1,0,59212
Hyderabad,1,3,1397,Fully-Furnished,1,0,0,1,1,56205
Ahmedabad,4,4,2496,Semi-Furnished,1,0,0,1,1,64170
Delhi,1,4,1725,Unfurnished,1,0,0,1,1,58226
Mumbai,2,1,1280,Fully-Furnished,1,0,1,0,1,84694
Delhi,1,4,1613,Fully-Furnished,0,1,1,1,0,79652
Bangalore,2,4,1559,Semi-Furnished,1,0,0,1,0,63065
Delhi,3,4,954,Fully-Furnished,1,1,0,1,1,83490
Delhi,2,2,803,Unfurnished,1,1,1,1,1,55085
Hyderabad,2,3,1291,Semi-Furnished,1,1,0,1,0,51241
Hyderabad,5,2,3312,Unfurnished,0,0,0,1,0,62516
Hyderabad,4,3,1001,Unfurnished,0,1,0,0,0,44461
Pune,4,1,2230,Semi-Furnished,1,0,0,0,0,57469
Bangalore,3,4,740,Fully-Furnished,0,0,0,0,0,67112
Ahmedabad,3,3,2368,Unfurnished,0,0,0,0,1,44493
Ahmedabad,4,2,1103,Unfurnished,1,0,0,0,1,38568
Hyderabad,5,4,717,Unfurnished,1,0,0,0,1,45363
Mumbai,4,1,3065,Unfurnished,1,1,0,1,1,82810
Pune,5,3,1786,Semi-Furnished,1,1,1,1,0,67612
Chennai,3,3,2829,Semi-Furnished,1,0,1,1,1,72031
Mumbai,1,3,2680,Unfurnished,0,1,1,1,0,70303
Kolkata,3,4,2200,Fully-Furnished,1,0,0,1,0,71785
Kolkata,3,2,1767,Unfurnished,1,1,0,1,0,45901
Mumbai,2,2,1972,Fully-Furnished,1,1,1,0,0,97190
Hyderabad,2,3,1216,Unfurnished,0,1,0,1,0,40288
Chennai,2,1,952,Fully-Furnished,1,1,1,0,0,56772
Chennai,2,1,4000,Unfurnished,1,1,0,0,0,61748
Pune,5,2,1255,Fully-Furnished,1,0,1,1,1,72770
Chennai,4,1,2212,Unfurnished,0,0,1,1,0,51654
Kolkata,1,2,3266,Unfurnished,1,1,1,1,1,52632
Bangalore,3,3,582,Fully-Furnished,1,0,0,1,1,70852
Hyderabad,5,2,3512,Semi-Furnished,1,1,1,1,0,81590
Chennai,1,2,1974,Fully-Furnished,0,0,0,1,0,59772
Pune,5,3,796,Semi-Furnished,1,1,0,1,1,57932
Kolkata,5,1,2127,Unfurnished,1,1,0,0,1,49645
Bangalore,3,2,3226,Fully-Furnished,1,1,0,1,1,102593
Delhi,4,2,1917,Fully-Furnished,0,0,0,1,1,91660
Delhi,2,3,1306,Fully-Furnished,1,0,0,0,0,77297
Bangalore,4,1,1756,Semi-Furnished,1,1,0,1,0,68994
Kolkata,3,2,2574,Semi-Furnished,1,1,1,1,0,59764
Pune,3,3,400,Unfurnished,0,0,1,0,1,35906
Bangalore,3,2,3639,Semi-Furnished,0,0,1,1,0,84698
Hyderabad,1,4,418,Semi-Furnished,1,0,0,1,1,42000
Hyderabad,4,3,3803,Unfurnished,0,0,0,1,0,64645
Delhi,4,1,983,Fully-Furnished,0,0,0,1,1,77327
Chennai,5,1,855,Fully-Furnished,0,1,0,1,0,67636
Pune,5,1,3404,Unfurnished,1,0,1,1,0,63496
Delhi,5,1,2436,Fully-Furnished,1,1,0,0,1,102443
Chennai,3,2,1532,Semi-Furnished,0,1,1,1,1,58330
Chennai,4,2,3739,Unfurnished,0,0,0,1,1,65076
Ahmedabad,3,1,2892,Unfurnished,0,0,1,0,1,48025
Hyderabad,1,1,3711,Unfurnished,1,1,0,0,1,55248
Kolkata,5,1,2352,Fully-Furnished,1,0,1,1,0,77718
Mumbai,3,2,3772,Unfurnished,0,1,0,0,1,82971
Kolkata,3,1,3049,Unfurnished,0,0,1,1,0,49964
Mumbai,1,1,2550,Unfurnished,0,0,0,1,0,63145
Bangalore,2,4,1387,Fully-Furnished,0,0,1,0,0,72365
Hyderabad,4,4,3721,Semi-Furnished,1,1,1,1,0,84674
Chennai,2,1,3924,Unfurnished,0,0,0,1,0,57174
Pune,5,3,919,Semi-Furnished,1,1,1,0,1,59958
Mumbai,3,1,3624,Fully-Furnished,0,0,0,0,1,114803
Kolkata,1,4,1258,Fully-Furnished,0,1,0,0,0,49227
Chennai,1,3,573,Fully-Furnished,0,0,0,0,0,46421
Mumbai,4,3,1766,Fully-Furnished,0,1,1,1,1,107032
Mumbai,2,1,3452,Semi-Furnished,0,1,1,0,1,92014
Ahmedabad,4,4,2878,Unfurnished,1,1,0,0,0,56879
Mumbai,3,4,1126,Fully-Furnished,0,1,0,0,1,94210
Pune,4,3,2110,Fully-Furnished,0,1,1,0,1,78638
Hyderabad,1,1,2275,Semi-Furnished,0,1,1,0,1,50908
Pune,1,2,3297,Semi-Furnished,1,0,1,1,0,62963
Delhi,5,2,2081,Fully-Furnished,1,1,0,0,1,98479
Chennai,5,4,1747,Unfurnished,1,1,0,1,0,59345
Hyderabad,3,2,1389,Unfurnished,1,1,0,0,0,43041
Ahmedabad,2,4,3086,Fully-Furnished,0,0,0,0,0,72022
Hyderabad,4,4,819,Semi-Furnished,0,0,0,0,0,46702
Hyderabad,3,4,993,Fully-Furnished,0,0,1,0,0,59195
Kolkata,5,2,2932,Fully-Furnished,1,1,0,0,1,86149
Hyderabad,4,4,2174,Semi-Furnished,0,0,1,0,0,65472
Ahmedabad,5,3,2859,Fully-Furnished,0,0,1,0,0,81592
Pune,4,1,1335,Fully-Furnished,1,1,0,0,0,62467
Hyderabad,2,1,1507,Fully-Furnished,1,1,1,1,1,64192
Bangalore,3,4,1536,Semi-Furnished,1,0,0,0,1,67160
Chennai,4,1,731,Unfurnished,0,1,1,1,1,44543
Hyderabad,1,2,3849,Unfurnished,0,1,0,0,1,56435
Chennai,1,2,3102,Semi-Furnished,1,1,0,1,1,65449
Bangalore,4,1,2488,Unfurnished,0,1,1,0,1,66268
Bangalore,4,2,2193,Fully-Furnished,1,0,0,0,1,88838
Chennai,4,1,1358,Unfurnished,1,1,1,0,0,47851
Mumbai,1,1,504,Fully-Furnished,0,0,0,1,0,65401
Delhi,1,1,601,Unfurnished,1,0,0,1,1,42195
Kolkata,4,4,2897,Semi-Furnished,1,0,0,1,0,68933
Mumbai,5,1,2242,Unfurnished,1,0,1,1,0,74240
Mumbai,5,4,2266,Unfurnished,0,1,1,0,1,78448
Pune,2,1,2396,Unfurnished,1,1,0,0,0,45565
Kolkata,3,1,1689,Semi-Furnished,1,1,1,0,0,47254
Kolkata,5,1,1309,Unfurnished,1,0,0,1,1,43311
Mumbai,1,2,609,Semi-Furnished,1,0,1,0,0,60276
Hyderabad,5,4,962,Fully-Furnished,1,0,1,1,1,76129
Pune,2,4,3589,Unfurnished,1,1,0,1,1,65372
Pune,2,1,3160,Semi-Furnished,1,0,0,1,0,62754
Bangalore,3,1,3848,Semi-Furnished,0,1,0,1,0,84273
Ahmedabad,5,2,1963,Unfurnished,0,1,0,1,0,46913
Kolkata,1,2,1170,Fully-Furnished,1,1,0,0,1,48171
Mumbai,1,2,3555,Semi-Furnished,0,1,1,1,1,92710
Bangalore,4,4,2901,Unfurnished,0,0,1,1,1,73404
Chennai,1,4,3114,Fully-Furnished,1,1,0,0,0,81901
Delhi,3,4,1028,Semi-Furnished,0,0,0,1,0,62400
Ahmedabad,3,1,3985,Semi-Furnished,1,1,0,1,1,73437
Ahmedabad,1,4,2028,Fully-Furnished,1,0,1,0,0,59244
Ahmedabad,1,3,2101,Fully-Furnished,1,0,0,0,0,56885
Pune,4,3,786,Unfurnished,1,1,0,0,1,42410
Chennai,1,2,2335,Unfurnished,1,1,1,1,1,51582
Ahmedabad,4,4,3821,Semi-Furnished,0,1,1,0,0,74328
Chennai,4,3,2743,Fully-Furnished,1,0,1,0,1,91836
Hyderabad,1,2,2705,Fully-Furnished,0,1,1,0,0,68207
Ahmedabad,2,4,1504,Fully-Furnished,1,1,0,1,1,58814
Delhi,2,1,667,Semi-Furnished,1,0,1,0,1,56997
Chennai,4,3,2866,Fully-Furnished,1,1,1,1,1,94241
Chennai,1,1,2682,Fully-Furnished,0,0,0,1,0,69274
Delhi,2,4,2256,Semi-Furnished,1,1,0,0,0,73119
Ahmedabad,1,3,3782,Unfurnished,1,0,0,1,1,56122
Delhi,1,4,2398,Unfurnished,1,0,1,1,1,64402
Chennai,1,1,3433,Semi-Furnished,1,1,0,0,1,67563
Delhi,5,3,1780,Fully-Furnished,0,0,1,1,0,98314
Chennai,1,1,1636,Semi-Furnished,1,1,1,0,1,48741
Chennai,5,4,973,Unfurnished,0,1,1,1,1,53085
Hyderabad,4,4,448,Unfurnished,1,0,0,1,1,42585
Mumbai,2,1,1550,Semi-Furnished,0,1,1,0,1,72557
Chennai,2,3,622,Semi-Furnished,0,0,0,0,0,41724
Ahmedabad,2,1,3368,Unfurnished,1,0,0,1,0,49283
Bangalore,2,4,3750,Semi-Furnished,1,0,0,1,1,86827
